,City Name,Current Temp,Latitude,Longitude,Max Temp,Humidity,Cloudiness,Wind,Country,Date
0,barrow,19.4,71.2906,-156.7887,19.4,86,90,12.66,US,1619926543
1,nome,26.94,64.5011,-165.4064,28.4,69,40,13.8,US,1619926394
2,ales,44.8,44.1333,4.0833,46.99,87,0,6.91,FR,1619926544
3,georgetown,87.33,5.4112,100.3354,89.6,79,20,8.05,MY,1619926545
4,hermanus,57.0,-34.4187,19.2345,57.0,74,85,1.01,ZA,1619926518
5,havelock,53.29,34.8791,-76.9013,54.0,66,1,3.44,US,1619926546
6,saint-philippe,74.19,-21.3585,55.7679,75.2,64,0,9.22,RE,1619926546
7,bredasdorp,39.2,-34.5322,20.0403,39.2,93,5,4.61,ZA,1619926452
8,praia da vitoria,61.92,38.7333,-27.0667,62.6,88,75,7.63,PT,1619926546
9,hobart,69.46,-42.8794,147.3294,71.6,40,0,6.91,AU,1619926547
10,fecamp,37.45,49.7579,0.3746,41.0,87,20,1.14,FR,1619926547
11,tautira,86.0,-17.7333,-149.15,86.0,58,20,3.44,PF,1619926547
12,mataura,57.99,-46.1927,168.8643,57.99,84,74,7.0,NZ,1619926518
13,punta arenas,39.09,-53.15,-70.9167,39.2,87,40,5.75,CL,1619926338
14,port-cartier,34.23,50.0334,-66.8654,35.01,55,75,11.5,CA,1619926548
15,souillac,73.4,-20.5167,57.5167,73.4,94,40,2.3,MU,1619926549
16,busselton,66.27,-33.65,115.3333,66.99,67,50,2.95,AU,1619926549
17,hilo,70.36,19.7297,-155.09,75.2,83,90,5.75,US,1619926550
18,new norfolk,69.33,-42.7826,147.0587,70.0,39,100,1.01,AU,1619926516
19,avarua,80.6,-21.2078,-159.775,80.6,78,90,10.36,CK,1619926552
20,east london,57.2,-33.0153,27.9116,57.2,77,0,5.75,ZA,1619926552
21,samarina,30.2,57.8878,27.8054,30.2,93,0,6.17,RU,1619926552
22,deer lake,37.2,49.1667,-57.4316,37.4,87,90,11.5,CA,1619926553
23,cape town,55.49,-33.9258,18.4232,61.0,93,0,3.44,ZA,1619926259
24,vikyrovice,41.88,49.9779,17.0123,45.0,95,100,1.99,CZ,1619926554
25,springdale,65.59,36.1867,-94.1288,66.2,68,1,8.05,US,1619926548
26,puerto ayora,73.99,-0.7393,-90.3518,73.99,93,36,1.01,EC,1619926554
27,tuatapere,57.99,-46.1333,167.6833,57.99,84,26,7.0,NZ,1619926555
28,ushuaia,37.4,-54.8,-68.3,37.4,87,20,5.75,AR,1619926555
29,enid,65.64,36.3956,-97.8784,66.2,82,90,19.57,US,1619926491
30,salalah,84.2,17.0151,54.0924,84.2,79,75,2.3,OM,1619926555
31,vila franca do campo,60.8,37.7167,-25.4333,60.8,100,75,12.66,PT,1619926556
32,anadyr,17.26,64.75,177.4833,17.6,79,75,4.47,RU,1619926556
33,ponta do sol,52.25,32.6667,-17.1,57.0,67,100,1.01,PT,1619926557
34,shimoda,64.53,34.6667,138.95,68.0,55,20,20.71,JP,1619926557
35,sontra,44.01,51.0667,9.9333,44.01,70,100,4.72,DE,1619926558
36,hambantota,86.0,6.1241,81.1185,86.0,89,40,3.44,LK,1619926558
37,vaini,78.8,-21.2,-175.2,78.8,73,75,11.5,TO,1619926558
38,alofi,80.6,-19.0595,-169.9187,80.6,89,21,9.22,NU,1619926559
39,albany,46.29,42.6001,-73.9662,48.0,48,100,1.88,US,1619926559
40,haines junction,44.6,60.7522,-137.5108,44.6,45,93,9.22,CA,1619926559
41,urumqi,57.2,43.801,87.6005,57.2,44,0,6.71,CN,1619926503
42,socorro,75.81,31.6546,-106.3033,78.8,22,20,6.91,US,1619926561
43,kapaa,76.33,22.0752,-159.319,78.8,73,75,13.8,US,1619926561
44,mount gambier,66.2,-37.8333,140.7667,66.2,63,90,16.11,AU,1619926469
45,yellowknife,29.32,62.456,-114.3525,30.2,55,1,6.91,CA,1619926562
46,thompson,23.0,55.7435,-97.8558,23.0,93,90,5.75,CA,1619926563
47,carnarvon,73.4,-24.8667,113.6333,73.4,53,100,12.66,AU,1619926515
48,bethel,48.13,41.3712,-73.414,50.0,61,1,3.89,US,1619926564
49,kununurra,93.2,-15.7667,128.7333,93.2,33,0,9.22,AU,1619926564
50,anloga,82.4,5.7947,0.8973,82.4,89,20,6.91,GH,1619926565
51,hasaki,65.5,35.7333,140.8333,68.0,42,20,18.41,JP,1619926538
52,nikolskoye,35.33,59.7035,30.7861,37.0,86,0,2.24,RU,1619926566
53,norman wells,42.8,65.282,-126.8329,42.8,45,75,8.05,CA,1619926567
54,cabot,67.68,34.9745,-92.0165,68.0,77,90,5.95,US,1619926567
55,touros,75.2,-5.1989,-35.4608,75.2,94,40,4.61,BR,1619926568
56,sitka,46.4,57.0531,-135.33,46.4,71,40,5.75,US,1619926388
57,sengiley,46.4,53.9622,48.7944,46.4,100,46,8.95,RU,1619926568
58,goderich,59.0,43.7501,-81.7165,59.0,44,95,18.41,CA,1619926569
59,jamestown,56.07,42.097,-79.2353,57.0,38,20,18.41,US,1619926570
60,oussouye,70.68,12.485,-16.5469,71.6,94,0,4.61,SN,1619926570
61,vila velha,71.69,-20.3297,-40.2925,75.0,100,75,3.44,BR,1619926572
62,big rapids,62.06,43.6981,-85.4837,64.4,48,40,4.61,US,1619926573
63,bluff,57.99,-46.6,168.3333,57.99,84,97,7.0,NZ,1619926573
64,saint-pierre,75.11,-21.3393,55.4781,75.2,64,0,9.22,RE,1619926574
65,geraldton,71.6,-28.7667,114.6,71.6,30,0,17.27,AU,1619926574
66,swellendam,39.2,-34.0226,20.4417,39.2,93,12,4.61,ZA,1619926575
67,waipawa,59.81,-41.4122,175.5153,62.6,59,2,4.61,NZ,1619926576
68,longyearbyen,15.8,78.2186,15.6401,15.8,73,20,11.5,SJ,1619926576
69,lasa,41.94,46.6166,10.7002,46.0,87,75,6.91,IT,1619926577
70,mahebourg,73.4,-20.4081,57.7,73.4,94,40,2.3,MU,1619926577
71,victoria,81.19,22.2855,114.1577,87.01,58,20,5.75,HK,1619926326
72,ancud,47.05,-41.8697,-73.8203,50.0,76,0,9.22,CL,1619926578
73,port elizabeth,48.2,-33.918,25.5701,48.2,81,0,2.3,ZA,1619926578
74,pontal do parana,55.67,-25.6533,-48.5128,57.0,85,80,13.0,BR,1619926579
75,florence,56.8,43.7667,11.25,57.2,82,75,12.66,IT,1619926579
76,brownwood,62.6,31.7093,-98.9912,62.6,100,40,8.05,US,1619926580
77,pisco,66.69,-13.7,-76.2167,68.0,77,0,3.44,PE,1619926580
78,elizabeth city,51.94,36.2946,-76.2511,55.4,71,1,5.75,US,1619926581
79,mahina,86.0,-17.5065,-149.489,86.0,58,20,3.44,PF,1619926581
80,wabana,37.81,47.6332,-52.9481,39.0,93,90,20.71,CA,1619926582
81,gat,67.28,31.61,34.7642,70.0,52,0,4.61,IL,1619926489
82,mogadishu,80.6,2.0371,45.3438,80.6,69,40,3.44,SO,1619926583
83,oda,53.6,35.1833,132.5,53.6,76,75,16.11,JP,1619926584
84,mar del plata,54.97,-38.0023,-57.5575,59.0,87,92,11.68,AR,1619926585
85,forestville,51.4,38.8451,-76.875,55.0,43,1,9.22,US,1619926586
86,ulladulla,70.74,-35.35,150.4667,73.4,49,100,4.61,AU,1619926586
87,asau,55.99,46.4333,26.4,55.99,60,100,3.44,RO,1619926586
88,los llanos de aridane,59.94,28.6585,-17.9182,66.2,68,75,6.91,ES,1619926584
89,kattivakkam,91.18,13.2167,80.3167,91.4,58,40,3.44,IN,1619926588
90,mount isa,86.0,-20.7333,139.5,86.0,26,40,8.05,AU,1619926589
91,padang,86.0,-0.9492,100.3543,86.0,74,40,5.75,ID,1619926590
92,plouzane,38.01,48.3833,-4.6167,42.8,86,0,4.61,FR,1619926590
93,neiafu,82.4,-18.65,-173.9833,82.4,74,40,11.5,TO,1619926591
94,roma,45.07,43.2128,-75.4557,46.4,66,90,3.44,US,1619926591
95,talcahuano,55.4,-36.7167,-73.1167,55.4,100,90,9.22,CL,1619926515
96,saint-joseph,75.09,-21.3667,55.6167,75.2,64,0,9.22,RE,1619926593
97,fortuna,51.78,40.5982,-124.1573,53.01,87,90,10.36,US,1619926594
98,thomasville,50.07,35.8826,-80.082,51.8,71,1,4.88,US,1619926594
99,san patricio,70.68,28.017,-97.5169,73.4,94,1,5.75,US,1619926595
100,ilulissat,41.0,69.2167,-51.1,41.0,52,40,16.11,GL,1619926595
101,fukue,60.8,32.6881,128.8419,60.8,51,40,20.71,JP,1619926596
102,redlands,64.02,34.0556,-117.1825,68.0,49,40,13.8,US,1619926557
103,moose factory,19.4,51.2585,-80.6094,19.4,86,75,3.44,CA,1619926596
104,valleyview,41.0,55.0667,-117.2859,41.0,93,96,6.91,CA,1619926596
105,alice springs,84.2,-23.7,133.8833,84.2,20,16,8.05,AU,1619926547
106,san andres,80.6,12.5847,-81.7006,80.6,78,40,5.75,CO,1619926385
107,petropavlovsk-kamchatskiy,35.6,53.0452,158.6483,35.6,93,75,6.71,RU,1619926597
108,bemidji,60.46,47.4736,-94.8803,62.6,36,1,5.75,US,1619926599
109,kahului,72.34,20.8947,-156.47,78.8,69,40,21.85,US,1619926599
110,carros,48.0,43.7894,7.184,51.01,81,0,9.22,FR,1619926600
111,bajos de haina,77.0,18.4154,-70.0332,77.0,83,20,4.61,DO,1619926601
112,kaitangata,64.0,-46.2817,169.8464,64.0,50,40,7.94,NZ,1619926586
113,laguna,64.42,38.421,-121.4238,66.2,55,1,9.22,US,1619926602
114,vinhedo,62.8,-23.0297,-46.9753,63.0,82,0,8.05,BR,1619926603
115,maple creek,51.6,49.9168,-109.4848,53.6,47,94,17.27,CA,1619926604
116,seoul,61.99,37.5683,126.9778,64.4,51,0,8.05,KR,1619926364
117,avera,61.12,33.194,-82.5271,66.2,68,1,6.91,US,1619926524
118,kodiak,42.8,57.79,-152.4072,42.8,70,90,10.36,US,1619926605
119,husavik,32.0,66.0449,-17.3389,32.0,64,90,11.5,IS,1619926605
120,coihaique,42.8,-45.5752,-72.0662,42.8,93,90,4.61,CL,1619926606
121,port hedland,86.0,-20.3167,118.5667,86.0,70,5,8.05,AU,1619926607
122,iqaluit,37.2,63.7506,-68.5145,37.4,75,90,24.16,CA,1619926567
123,muros,37.09,42.7762,-9.0603,39.0,93,5,5.64,ES,1619926610
124,emerald,79.9,-23.5333,148.1667,80.6,44,75,10.36,AU,1619926610
125,nouakchott,69.8,18.0858,-15.9785,69.8,64,4,16.11,MR,1619926611
126,hammerfest,30.2,70.6634,23.6821,30.2,74,90,3.44,NO,1619926612
127,narsaq,42.8,60.9167,-46.05,42.8,26,13,43.73,GL,1619926614
128,yuci,64.4,37.6803,112.7319,64.4,27,0,4.47,CN,1619926614
129,kihei,71.94,20.785,-156.4656,78.8,69,40,21.85,US,1619926615
130,nantucket,47.17,41.2835,-70.0995,48.2,81,1,10.36,US,1619926397
131,serebryansk,44.6,49.6925,83.2892,44.6,57,18,6.71,KZ,1619926616
132,kaduy,32.0,59.2,37.15,32.0,86,40,2.24,RU,1619926616
133,cabo san lucas,72.77,22.8909,-109.9124,73.4,64,20,7.94,MX,1619926386
134,carlsbad,58.33,33.1581,-117.3506,60.01,77,90,11.5,US,1619926616
135,raudeberg,39.99,61.9875,5.1352,39.99,78,17,14.18,NO,1619926617
136,mitchell,69.8,43.7094,-98.0298,69.8,37,1,8.05,US,1619926617
137,telfs,43.72,47.3,11.0667,46.99,81,90,4.61,AT,1619926618
138,picton,73.53,-34.1833,150.6,73.99,58,100,1.01,AU,1619926618
139,harindanga,87.8,22.0383,88.3214,87.8,70,40,5.75,IN,1619926619
140,necochea,53.01,-38.5473,-58.7368,53.01,88,100,3.0,AR,1619926620
141,ahuimanu,76.39,21.4447,-157.8378,80.6,73,90,16.11,US,1619926621
142,nuuk,33.39,64.1835,-51.7216,33.8,86,20,11.5,GL,1619926622
143,yulara,84.2,-25.2406,130.9889,84.2,17,48,9.22,AU,1619926622
144,ascension,70.9,30.2169,-90.9001,73.4,78,1,4.61,US,1619926623
145,burns lake,48.2,54.2331,-125.7533,48.2,49,40,3.44,CA,1619926624
146,epernay,40.98,49.05,3.95,42.8,81,0,4.61,FR,1619926625
147,santa cruz de tenerife,61.14,28.4682,-16.2546,66.0,82,0,4.61,ES,1619926349
148,gravelbourg,51.8,49.8834,-106.5512,51.8,43,68,10.36,CA,1619926625
149,komsomolskiy,66.2,40.4272,71.7189,66.2,55,21,5.88,UZ,1619926626
150,port hardy,48.2,50.6996,-127.4199,48.2,71,20,9.22,CA,1619926627
151,the valley,77.92,18.217,-63.0578,78.8,78,20,8.05,AI,1619926562
152,glens falls,47.34,43.3095,-73.644,48.2,49,90,3.44,US,1619926214
153,triel-sur-seine,38.39,48.9782,2.0074,42.01,93,50,6.91,FR,1619926629
154,havoysund,30.2,70.9963,24.6622,30.2,74,90,3.44,NO,1619926630
155,nurota,66.2,40.5614,65.6886,66.2,63,43,9.22,UZ,1619926630
156,andenes,32.0,69.3143,16.1194,32.0,74,20,8.05,NO,1619926631
157,salta,53.64,-24.7859,-65.4117,55.0,93,0,2.64,AR,1619926632
158,macau,82.94,22.2006,113.5461,86.0,83,20,9.22,MO,1619926446
159,tasiilaq,23.0,65.6145,-37.6368,23.0,80,10,3.44,GL,1619926634
160,banjarmasin,89.6,-3.3244,114.591,89.6,55,20,2.3,ID,1619926634
161,morant bay,75.96,17.8815,-76.4093,80.6,74,20,5.75,JM,1619926635
162,isangel,78.8,-19.55,169.2667,78.8,78,90,18.7,VU,1619926635
163,bambous virieux,75.09,-20.3428,57.7575,77.0,94,40,2.3,MU,1619926635
164,san cristobal,75.2,7.7669,-72.225,75.2,100,75,2.3,VE,1619926636
165,north bend,52.88,43.4065,-124.2243,53.6,82,20,10.36,US,1619926637
166,klaksvik,35.6,62.2266,-6.589,35.6,80,20,4.61,FO,1619926637
167,porirua,58.03,-41.1333,174.85,59.0,80,4,4.0,NZ,1619926633
168,srem,45.66,52.0887,17.0151,46.0,79,100,27.0,PL,1619926639
169,gobo,60.8,33.8833,135.15,60.8,44,75,8.05,JP,1619926640
170,campbell river,52.47,50.0163,-125.2446,53.6,54,75,8.05,CA,1619926640
171,upington,53.6,-28.4478,21.2561,53.6,71,0,4.61,ZA,1619926642
172,clyde river,12.2,70.4692,-68.5914,12.2,92,75,3.44,CA,1619926581
173,tacna,60.8,-18.0056,-70.2483,60.8,67,0,6.91,PE,1619926643
174,hacienda heights,60.42,33.9931,-117.9687,62.6,82,75,6.91,US,1619926643
175,kamenka,48.0,51.3223,42.7678,48.0,84,100,4.63,RU,1619926644
176,chapais,33.8,49.7834,-74.8492,33.8,93,90,13.8,CA,1619926364
177,hervey bay,75.52,-25.2986,152.8535,77.0,61,40,16.11,AU,1619926648
178,torbay,37.8,47.6666,-52.7314,39.0,93,90,20.71,CA,1619926649
179,najran,73.4,17.4924,44.1277,73.4,21,75,4.61,SA,1619926649
180,monster,42.8,52.0258,4.175,44.01,79,54,8.01,NL,1619926651
181,abha,63.45,18.2164,42.5053,64.4,45,0,2.15,SA,1619926651
182,saint george,76.98,37.1041,-113.5841,80.6,9,1,9.22,US,1619926652
183,port hueneme,57.25,34.1478,-119.1951,59.0,88,1,4.61,US,1619926652
184,pangai,80.6,-19.8,-174.35,80.6,69,75,17.27,TO,1619926653
185,marrakesh,55.4,31.6315,-8.0083,55.4,62,20,4.61,MA,1619926654
186,sinnai,55.96,39.3042,9.2036,57.99,87,0,4.61,IT,1619926656
187,uvalde,66.0,29.3669,-99.767,66.99,88,90,8.05,US,1619926656
188,kamaishi,50.0,39.2667,141.8833,50.0,93,75,9.22,JP,1619926629
189,saeby,38.05,57.3319,10.5225,39.2,87,90,3.44,DK,1619926657
190,erfurt,43.3,50.9833,11.0333,45.0,87,90,13.8,DE,1619926658
191,flinders,75.99,-34.5833,150.8552,75.99,65,100,4.0,AU,1619926659
192,florianopolis,71.08,-27.6146,-48.5012,73.99,94,75,1.14,BR,1619926381
193,faya,63.5,18.3851,42.4509,64.4,45,0,0.74,SA,1619926659
194,hamilton,61.79,39.1834,-84.5333,63.0,45,1,10.36,US,1619926646
195,paradise valley,86.85,33.5312,-111.9427,89.6,9,1,6.91,US,1619926660
196,alekseyevskaya,50.0,50.2896,42.1845,50.0,91,100,4.54,RU,1619926661
197,tysmenytsya,57.0,48.9022,24.8448,57.0,80,100,4.0,UA,1619926662
198,statesville,52.48,35.7826,-80.8873,55.4,58,1,4.05,US,1619926664
199,lumby,47.73,50.2498,-118.969,48.99,71,47,1.14,CA,1619926664
200,port macquarie,64.24,-31.4333,152.9167,64.4,94,40,4.61,AU,1619926534
201,broome,45.86,42.2506,-75.833,51.8,37,90,9.22,US,1619926665
202,saint anthony,70.88,45.0205,-93.218,77.0,28,1,5.75,US,1619926666
203,bonavista,38.05,48.6499,-53.1147,39.0,93,100,6.91,CA,1619926667
204,cartagena,80.6,10.3997,-75.5144,80.6,89,40,6.91,CO,1619926434
205,sabinov,53.01,49.1031,21.0988,55.0,85,100,2.46,SK,1619926668
206,forest acres,63.97,34.0193,-80.9898,66.2,55,1,7.14,US,1619926668
207,benito juarez,68.0,19.385,-99.165,68.0,40,75,11.5,MX,1619926669
208,grand gaube,77.0,-20.0064,57.6608,77.0,87,13,3.0,MU,1619926669
209,watertown,50.68,42.3709,-71.1828,54.0,40,75,4.61,US,1619926378
210,makakilo city,77.7,21.3469,-158.0858,80.6,73,90,9.22,US,1619926671
211,landau,46.99,49.2075,8.1133,46.99,65,100,4.54,DE,1619926671
212,abbeville,33.42,50.1,1.8333,37.99,84,13,0.72,FR,1619926672
213,bathsheba,78.8,13.2167,-59.5167,78.8,61,20,13.8,BB,1619926672
214,werneck,41.7,49.9833,10.1,43.0,94,100,4.43,DE,1619926673
215,senneterre,33.8,48.3835,-77.2328,33.8,100,90,10.36,CA,1619926674
216,iquitos,71.6,-3.7481,-73.2472,71.6,94,20,1.41,PE,1619926675
217,kralendijk,80.6,12.15,-68.2667,80.6,78,40,11.5,BQ,1619926675
218,constanza,39.76,47.6603,9.1758,42.01,94,100,1.01,DE,1619926676
219,quelimane,73.2,-17.8786,36.8883,73.4,94,75,9.22,MZ,1619926676
220,lajas,72.93,18.05,-67.0593,73.99,95,62,1.01,PR,1619926677
221,bayir,55.4,37.2687,28.2167,55.4,76,0,1.14,TR,1619926677
222,lompoc,48.85,34.6391,-120.4579,51.8,93,90,24.16,US,1619926677
223,chase,41.5,50.8165,-119.6857,55.4,41,76,3.44,CA,1619926617
224,ucluelet,50.0,48.9329,-125.5528,50.0,77,9,9.95,CA,1619926682
225,plaster rock,37.13,46.9065,-67.39,37.99,48,1,3.44,CA,1619926682
226,saint-michel-des-saints,39.0,46.6834,-73.9159,39.0,96,97,8.37,CA,1619926683
227,cayenne,76.42,4.9333,-52.3333,77.0,94,75,2.3,GF,1619926683
228,loandjili,77.0,-4.7561,11.8578,77.0,100,20,4.61,CG,1619926684
229,norden,41.83,53.6,7.2,44.01,100,100,5.99,DE,1619926684
230,tuktoyaktuk,17.6,69.4541,-133.0374,17.6,93,90,3.44,CA,1619926684
231,atherton,35.08,53.5237,-2.4935,36.0,83,13,0.85,GB,1619926685
232,camacha,59.0,33.0833,-16.3333,59.0,72,40,1.14,PT,1619926461
233,mudbidri,78.8,13.0833,74.9833,78.8,78,20,4.61,IN,1619926686
234,venice,78.24,27.0998,-82.4543,79.0,83,90,5.75,US,1619926580
235,grindavik,35.6,63.8424,-22.4338,35.6,60,0,14.97,IS,1619926686
236,chodziez,45.0,52.995,16.9198,45.0,90,100,1.99,PL,1619926687
237,tukums,30.2,56.9669,23.1553,30.2,100,32,3.53,LV,1619926687
238,winslow,73.4,35.0242,-110.6974,73.4,13,1,18.41,US,1619926688
239,lamtah,64.69,35.6667,10.8833,64.99,72,0,13.8,TN,1619926688
240,lillooet,49.68,50.6856,-121.942,51.8,71,90,2.3,CA,1619926688
241,esperance,66.2,-33.8667,121.9,66.2,48,5,12.66,AU,1619926679
242,todos santos,67.48,23.45,-110.2167,68.0,85,4,1.99,MX,1619926689
243,ojinaga,68.2,29.5667,-104.4167,71.6,46,1,5.32,MX,1619926690
244,bowen,80.6,-20.0167,148.2333,80.6,61,48,16.11,AU,1619926692
245,walvis bay,57.2,-22.9575,14.5053,57.2,62,9,1.14,NA,1619926693
246,ndioum,75.2,16.5129,-14.6471,75.2,53,0,4.61,SN,1619926693
247,tolbazy,50.0,54.0241,55.8825,50.0,93,90,11.18,RU,1619926694
248,westport,51.71,41.1415,-73.3579,53.6,47,1,12.66,US,1619926602
249,rabo de peixe,60.8,37.8,-25.5833,60.8,100,75,12.66,PT,1619926694
250,tromso,26.04,69.6496,18.957,28.4,69,75,3.44,NO,1619926695
251,peniche,51.31,39.3558,-9.3811,53.01,80,31,5.01,PT,1619926695
252,trencin,53.71,48.8333,18.25,55.0,94,100,1.01,SK,1619926454
253,whitehorse,42.06,60.7161,-135.0538,42.8,61,90,3.44,CA,1619926683
254,westerland,43.72,54.9079,8.3033,44.6,93,90,5.75,DE,1619926696
255,balykshi,62.6,47.0667,51.8667,62.6,72,0,11.18,KZ,1619926696
256,anamur,60.8,36.0751,32.8369,60.8,77,0,4.61,TR,1619926696
257,aklavik,25.65,68.2191,-135.0107,26.6,80,100,4.61,CA,1619926697
258,moissac,41.86,44.1024,1.0945,42.8,93,11,2.3,FR,1619926699
259,tumut,75.2,-35.3,148.2167,75.2,43,85,9.22,AU,1619926699
260,fastiv,55.62,50.0767,29.9177,55.99,94,0,4.47,UA,1619926700
261,penzance,37.4,50.1186,-5.5371,37.4,87,8,7.0,GB,1619926701
262,santa marta,83.32,11.2408,-74.199,84.0,78,75,4.61,CO,1619926702
263,ambon,89.6,-3.6954,128.1814,89.6,66,40,4.61,ID,1619926702
264,nong khai,86.34,17.9167,103.0833,87.01,95,52,4.83,TH,1619926703
265,port augusta,72.7,-32.5,137.7667,75.0,63,0,10.36,AU,1619926631
266,aviles,45.03,43.5547,-5.9248,46.0,87,0,6.91,ES,1619926703
267,sept-iles,34.29,50.2001,-66.3821,35.01,55,75,11.5,CA,1619926704
268,corner brook,37.24,48.9667,-57.9484,37.4,87,90,11.5,CA,1619926704
269,vernon,48.36,50.2581,-119.2691,50.0,71,28,1.14,CA,1619926705
270,herat,68.0,34.5,62.0,68.0,56,75,4.61,AF,1619926706
271,havre-saint-pierre,39.2,50.2334,-63.5986,39.2,75,75,12.66,CA,1619926661
272,half moon bay,52.21,37.4636,-122.4286,55.4,87,90,17.27,US,1619926707
273,los andes,56.88,-32.8337,-70.5983,57.99,71,0,1.25,CL,1619926708
274,garden city,64.27,42.3256,-83.331,66.2,45,20,23.02,US,1619926708
275,puerto colombia,80.6,10.9878,-74.9547,80.6,83,20,8.05,CO,1619926709
276,las vegas,85.57,36.175,-115.1372,87.8,7,1,18.41,US,1619926681
277,ivankiv,57.0,50.9386,29.8943,57.0,100,100,4.0,UA,1619926712
278,foshan,85.66,23.0268,113.1315,86.0,70,75,4.47,CN,1619926712
279,provost,51.8,52.3501,-110.2683,51.8,40,97,8.05,CA,1619926713
280,thyboron,40.35,56.6985,8.2124,42.01,3,84,10.67,DK,1619926714
281,brae,39.2,60.3964,-1.353,39.2,75,90,4.61,GB,1619926615
282,maceio,73.4,-9.6658,-35.7353,73.4,100,75,3.44,BR,1619926653
283,winona,71.89,43.9666,-91.7668,77.0,38,1,11.25,US,1619926716
284,liverpool,38.7,53.4106,-2.9779,42.8,93,6,4.61,GB,1619926717
285,cozumel,80.28,20.5083,-86.9458,80.6,74,20,9.22,MX,1619926718
286,nouadhibou,66.2,20.931,-17.0347,66.2,72,75,19.57,MR,1619926660
287,smithers,46.4,54.7804,-127.1743,46.4,66,40,2.3,CA,1619926719
288,alta floresta,73.4,-9.8756,-56.0861,73.4,100,75,3.44,BR,1619926720
289,policoro,64.02,40.2115,16.6726,66.0,76,94,1.9,IT,1619926720
290,pacific grove,51.87,36.6177,-121.9166,53.01,88,23,13.33,US,1619926720
291,general roca,57.2,-39.0333,-67.5833,57.2,67,90,6.91,AR,1619926722
292,homer,43.5,59.6425,-151.5483,46.4,49,1,6.91,US,1619926723
293,staryy saltiv,48.79,50.0827,36.7939,50.0,66,0,4.47,UA,1619926723
294,zaozerne,55.99,45.1582,33.2787,55.99,67,84,7.27,UA,1619926623
295,ponta delgada,60.8,37.7333,-25.6667,60.8,100,75,12.66,PT,1619926724
296,georgiyevka,57.2,43.0369,74.7114,57.2,54,0,4.47,KZ,1619926725
297,chute-aux-outardes,37.4,49.1168,-68.399,37.4,48,1,5.75,CA,1619926726
298,topsham,41.97,43.9276,-69.9759,45.0,81,92,4.56,US,1619926726
299,itoman,78.91,26.1247,127.6694,80.6,44,0,8.05,JP,1619926727
300,ixtapa,75.2,20.7,-105.2,75.2,69,1,4.61,MX,1619926728
301,peachland,48.83,49.7665,-119.7357,52.0,85,98,4.72,CA,1619926729
302,neuquen,57.2,-38.9516,-68.0591,57.2,67,90,6.91,AR,1619926729
303,eston,52.56,51.1501,-108.7514,55.4,40,90,10.36,CA,1619926730
304,azuaga,43.0,38.2667,-5.6833,43.0,76,0,8.01,ES,1619926731
305,teruel,44.01,40.6667,-0.6667,50.0,87,90,9.22,ES,1619926731
306,loanda,78.8,-8.8368,13.2343,78.8,94,75,3.44,AO,1619926447
307,santa fe,67.17,-31.6333,-60.7,68.0,74,67,4.0,AR,1619926557
308,campina grande do sul,57.31,-25.3056,-49.0553,57.99,99,100,2.66,BR,1619926731
309,ketchikan,48.2,55.3422,-131.6461,48.2,87,75,6.91,US,1619926732
310,imbituba,70.2,-28.24,-48.6703,72.0,94,75,1.14,BR,1619926701
311,san angelo,60.94,31.4638,-100.437,62.6,88,90,4.61,US,1619926733
312,bay roberts,37.99,47.5999,-53.2648,37.99,91,100,4.0,CA,1619926734
313,saldanha,55.4,-33.0117,17.9442,55.4,62,0,1.14,ZA,1619926734
314,redmond,50.7,47.674,-122.1215,52.0,89,100,4.7,US,1619926456
315,yarmouth,47.62,41.7057,-70.2286,51.01,70,1,8.3,US,1619926735
316,columbus,58.28,39.9612,-82.9988,60.8,44,40,6.91,US,1619926733
317,ilinskoye-khovanskoye,33.8,56.9718,39.7684,33.8,86,0,2.24,RU,1619926735
318,christchurch,65.46,-43.5333,172.6333,66.2,30,1,11.5,NZ,1619926439
319,hue,87.8,16.4667,107.6,87.8,70,20,6.91,VN,1619926625
320,bekhtery,52.95,46.251,32.2927,54.0,93,100,4.47,UA,1619926737
321,grand bank,37.2,47.0999,-55.765,37.4,87,75,21.85,CA,1619926738
322,immokalee,72.86,26.4187,-81.4173,75.0,88,1,4.21,US,1619926738
323,munster,40.39,51.9624,7.6257,41.0,93,75,4.61,DE,1619926739
324,sao jose da laje,73.4,-9.0097,-36.0583,73.4,100,75,3.44,BR,1619926739
325,bolgar,46.4,54.95,49.0667,46.4,100,56,8.95,RU,1619926740
326,nishihara,78.67,26.1842,127.7558,80.6,53,1,9.22,JP,1619926741
327,santa maria,57.2,-29.6842,-53.8069,57.2,100,0,3.44,BR,1619926741
328,rio gallegos,42.8,-51.6226,-69.2181,42.8,81,40,6.91,AR,1619926742
329,puerto narino,75.2,-3.7703,-70.3831,75.2,100,0,2.3,CO,1619926743
330,drovyanaya,50.0,51.5833,113.0333,50.0,50,20,5.7,RU,1619926744
331,puri,87.89,19.8,85.85,88.0,70,20,14.97,IN,1619926744
332,varias,63.21,46.0167,20.95,64.0,77,0,10.36,RO,1619926745
333,cody,56.71,44.5263,-109.0565,57.2,44,40,5.75,US,1619926626
334,lapy,46.0,52.9911,22.8842,46.0,78,100,3.0,PL,1619926747
335,nara,58.64,34.6851,135.8049,59.0,55,75,17.27,JP,1619926747
336,pacifica,51.04,37.6138,-122.4869,53.6,76,20,31.07,US,1619926748
337,hillsborough,52.16,37.5741,-122.3794,55.4,76,20,31.07,US,1619926467
338,alghero,53.76,40.5589,8.3181,57.2,77,40,4.61,IT,1619926748
339,tsuyama,53.73,35.05,134.0,57.0,76,75,11.5,JP,1619926749
340,manicore,73.4,-5.8092,-61.3003,73.4,100,0,1.14,BR,1619926749
341,belmonte,69.8,-15.8631,-38.8828,69.8,83,40,6.91,BR,1619926750
342,neokhorion,62.31,41.1833,23.25,64.99,69,76,3.0,GR,1619926750
343,comodoro rivadavia,59.0,-45.8667,-67.5,59.0,44,0,12.66,AR,1619926750
344,hearst,35.6,49.6835,-83.6665,35.6,93,100,6.91,CA,1619926751
345,khorramshahr,78.8,30.4397,48.1664,78.8,38,20,4.61,IR,1619926751
346,malartic,33.91,48.1335,-78.1328,34.0,100,90,10.36,CA,1619926751
347,abrau-dyurso,48.2,44.69,37.59,48.2,93,77,2.24,RU,1619926752
348,chichibu,68.56,35.9903,139.0764,71.6,33,40,24.16,JP,1619926752
349,matagami,35.6,49.7502,-77.6328,35.6,100,90,8.05,CA,1619926753
350,ferme-neuve,37.4,46.7001,-75.4493,37.4,93,100,4.61,CA,1619926753
351,nelson bay,72.19,-32.7167,152.15,73.99,60,75,9.22,AU,1619926534
352,pentecoste,78.01,-3.7928,-39.2703,78.01,78,100,1.99,BR,1619926754
353,saint-francois,44.6,46.4154,3.9054,44.6,87,90,4.61,FR,1619926755
354,whitianga,64.99,-36.8333,175.7,64.99,59,0,5.01,NZ,1619926756
355,kragujevac,64.2,44.0167,20.9167,64.4,77,0,1.14,RS,1619926756
356,zhuhai,86.02,22.2769,113.5678,91.99,83,20,9.22,CN,1619926757
357,radcliff,59.25,37.8404,-85.9491,61.0,55,1,4.61,US,1619926757
358,jiutai,57.2,44.1525,125.8328,57.2,44,40,4.47,CN,1619926758
359,praia,69.8,14.9215,-23.5087,69.8,78,20,16.11,CV,1619926649
360,malibu,57.54,34.005,-118.8101,59.0,90,63,5.23,US,1619926538
361,novopokrovka,50.0,49.8425,36.5477,50.0,66,0,4.47,UA,1619926759
362,coolum beach,65.77,-26.5333,153.1,68.0,96,100,12.19,AU,1619926759
363,mae ramat,89.6,16.984,98.5166,89.6,58,20,1.77,TH,1619926760
364,jesus del monte,57.2,19.1081,-99.9944,57.2,51,20,8.05,MX,1619926760
365,utinga,75.2,-5.8172,-35.3954,75.2,94,40,4.61,BR,1619926761
366,santa cruz,68.0,-17.8,-63.1667,68.0,77,5,5.75,BO,1619926604
367,bad salzdetfurth,40.62,52.0578,10.0058,43.0,81,100,5.3,DE,1619926762
368,paso de carrasco,62.37,-34.8603,-56.0522,62.6,77,0,5.75,UY,1619926762
369,mount pleasant,64.13,32.7941,-79.8626,66.99,82,28,8.14,US,1619926752
370,bloomfield,55.99,40.8068,-74.1854,60.8,26,1,3.44,US,1619926764
371,gaillac,43.38,43.9016,1.8969,46.4,87,90,3.44,FR,1619926766
372,elk point,74.66,42.6833,-96.6836,77.0,31,1,12.66,US,1619926766
373,tallahassee,68.54,30.4383,-84.2807,71.6,53,20,3.44,US,1619926645
374,conde,75.2,-7.2597,-34.9075,75.2,94,20,5.75,BR,1619926767
375,severnyy,46.4,50.677,36.5532,46.4,76,0,2.24,RU,1619926768
376,moree,75.2,-29.4667,149.85,75.2,41,100,5.75,AU,1619926768
377,buraydah,73.4,26.326,43.975,73.4,38,0,9.22,SA,1619926769
378,launceston,67.84,-41.45,147.1667,70.0,68,92,3.44,AU,1619926770
379,rossland,53.89,49.0831,-117.8022,57.2,35,8,8.05,CA,1619926771
380,sioux lookout,57.2,50.1001,-91.917,57.2,44,20,6.91,CA,1619926772
381,griffith,69.37,41.5284,-87.4237,70.0,46,1,10.36,US,1619926772
382,paris,40.98,48.8534,2.3488,43.0,100,40,4.61,FR,1619926694
383,bolshoy lug,41.0,52.0779,104.0919,41.0,100,75,17.9,RU,1619926776
384,nanakuli,76.73,21.3906,-158.1547,80.01,73,90,9.22,US,1619926776
385,brindisi,64.36,40.5833,17.6667,66.0,76,100,9.17,IT,1619926776
386,komatipoort,55.0,-25.4332,31.9548,55.0,91,3,6.73,ZA,1619926782
387,quatre cocos,75.85,-20.2078,57.7625,78.01,94,40,2.3,MU,1619926782
388,kamoke,84.65,31.9744,74.2244,86.0,39,14,9.22,PK,1619926783
389,allonnes,33.8,47.9674,0.1581,33.8,100,75,3.6,FR,1619926783
390,gimli,39.2,50.6336,-96.9907,39.2,81,27,11.77,CA,1619926784
391,katsuura,66.58,35.1333,140.3,69.01,78,0,15.99,JP,1619926785
392,lata,44.92,40.1629,-8.3327,50.0,83,0,2.62,PT,1619926786
393,margate,39.85,51.3813,1.3862,41.0,80,10,1.99,GB,1619926787
394,batemans bay,74.05,-35.7167,150.1833,75.99,64,100,8.97,AU,1619926787
395,svobody,50.0,44.0256,43.0503,50.0,93,0,5.26,RU,1619926788
396,breyten,41.0,-26.3018,29.987,41.0,93,75,6.91,ZA,1619926789
397,show low,59.36,34.2542,-110.0298,61.0,18,1,9.22,US,1619926791
398,carlton,52.03,45.2943,-123.1765,55.4,62,90,5.75,US,1619926792
399,east wenatchee bench,54.57,47.4257,-120.2812,57.2,28,1,18.41,US,1619926792
400,coquimbo,55.4,-29.9533,-71.3436,55.4,88,75,3.44,CL,1619926793
401,gibara,77.0,21.1097,-76.1317,77.0,83,40,9.22,CU,1619926793
402,toamasina,75.2,-18.1667,49.3833,75.2,94,75,2.3,MG,1619926794
403,luba,78.8,3.4568,8.5547,78.8,89,40,5.75,GQ,1619926794
404,wexford,38.34,52.3342,-6.4575,39.0,91,65,4.0,IE,1619926794
405,wicklow,38.37,53.0,-6.4167,39.2,93,0,3.44,IE,1619926795
406,enumclaw,52.75,47.2043,-121.9915,54.0,75,100,4.0,US,1619926796
407,sagua la grande,75.2,22.8067,-80.0756,75.2,73,20,4.61,CU,1619926796
408,fairlie,33.94,55.756,-4.8556,35.01,100,75,1.14,GB,1619926797
409,rancho palos verdes,58.82,33.7445,-118.387,60.01,88,40,6.91,US,1619926635
410,winneba,82.4,5.3511,-0.6231,82.4,89,20,9.22,GH,1619926798
411,chicama,64.4,-7.8447,-79.1469,64.4,94,7,6.91,PE,1619926799
412,ayia marina,67.33,37.75,23.5333,68.0,52,99,1.01,GR,1619926800
413,requena,54.39,39.4883,-1.1004,55.99,88,20,4.61,ES,1619926800
414,rexburg,52.66,43.826,-111.7897,57.2,47,1,1.95,US,1619926628
415,glarus,37.78,47.0406,9.068,39.99,53,100,3.85,CH,1619926802
416,gallup,66.42,35.5281,-108.7426,69.8,16,1,20.71,US,1619926780
417,carballo,36.32,43.213,-8.691,39.2,100,0,5.75,ES,1619926802
418,jiaonan,64.4,35.8786,119.9753,64.4,32,0,6.71,CN,1619926803
419,rapid valley,64.96,44.0625,-103.1463,68.0,39,75,5.75,US,1619926803
420,chilliwack,54.82,49.1747,-121.9443,55.4,62,71,1.14,CA,1619926606
421,cairns,82.4,-16.9167,145.7667,82.4,61,18,19.57,AU,1619926804
422,baker city,45.95,44.7749,-117.8344,53.6,50,1,13.8,US,1619926508
423,manica,33.8,49.0,-1.1667,33.8,100,0,6.91,FR,1619926805
424,dumbraveni,57.09,46.2333,24.5667,57.2,94,75,6.91,RO,1619926805
425,bracebridge,41.0,45.0334,-79.3163,41.0,75,1,5.75,CA,1619926806
426,abay,51.8,49.6311,72.8539,51.8,22,0,13.42,KZ,1619926806
427,barbate,54.03,36.1924,-5.9219,57.2,72,0,6.91,ES,1619926807
428,corinto,66.0,37.9407,22.9573,66.0,68,100,1.79,GR,1619926807
429,roald,35.24,62.5833,6.1333,37.4,87,90,11.5,NO,1619926808
430,lebrija,48.52,36.9208,-6.0753,53.01,93,0,1.14,ES,1619926744
431,naze,73.4,28.3667,129.4833,73.4,40,0,9.22,JP,1619926809
432,llanes,44.31,43.4198,-4.7549,45.0,99,31,4.74,ES,1619926809
433,calafat,58.53,43.9911,22.9328,59.0,63,99,1.05,RO,1619926810
434,wadena,64.06,46.4425,-95.1361,66.2,48,1,4.61,US,1619926810
435,snezhnogorsk,19.4,69.1933,33.2531,19.4,79,40,2.24,RU,1619926811
436,patillas,74.46,18.0064,-66.0157,77.0,81,66,1.01,PR,1619926811
437,yeppoon,78.8,-23.1333,150.7333,78.8,57,75,13.8,AU,1619926811
438,lerici,55.49,44.0759,9.9112,57.99,78,64,1.01,IT,1619926812
439,outlook,51.01,51.5001,-107.0513,53.6,30,38,8.05,CA,1619926813
440,gorodishche,52.32,48.8045,44.4744,53.6,94,22,4.47,RU,1619926813
441,fort nelson,51.8,58.8053,-122.7002,51.8,43,75,6.91,CA,1619926814
442,santa rosa,90.39,14.3122,121.1114,91.4,55,20,9.22,PH,1619926815
443,fairbanks,41.58,64.8378,-147.7164,44.01,48,30,3.49,US,1619926594
444,kolarovo,61.29,47.9229,17.9847,62.01,82,90,8.05,SK,1619926815
445,north myrtle beach,64.76,33.816,-78.68,66.2,52,1,8.05,US,1619926816
446,bitung,89.6,1.4451,125.1824,89.6,62,40,8.05,ID,1619926816
447,nisia floresta,75.2,-6.0911,-35.2086,75.2,94,40,5.75,BR,1619926817
448,cabedelo,75.2,-6.9811,-34.8339,75.2,94,20,5.75,BR,1619926818
449,ilinskiy,39.2,55.619,38.1182,39.2,75,0,4.47,RU,1619926818
450,byron bay,72.05,-28.65,153.6167,75.2,60,40,11.5,AU,1619926819
451,san joaquin,58.73,37.9333,-121.3011,63.0,67,1,18.41,US,1619926819
452,shasta lake,78.8,40.6804,-122.3708,78.8,31,20,9.22,US,1619926820
453,amos,33.93,48.5669,-78.1162,34.0,100,90,10.36,CA,1619926820
454,morgan city,72.19,29.6994,-91.2068,73.4,88,75,9.22,US,1619926820
455,terme,55.76,41.2092,36.9739,62.01,87,0,2.3,TR,1619926821
456,victor harbor,68.0,-35.5667,138.6167,68.0,62,44,1.01,AU,1619926822
457,xining,66.99,36.6167,101.7667,66.99,35,21,2.71,CN,1619926660
458,crib point,73.65,-38.35,145.2,75.0,51,99,5.01,AU,1619926823
459,janfida,57.2,40.0439,44.0233,57.2,72,75,6.91,AM,1619926823
460,cayambe,53.6,0.05,-78.1333,53.6,100,90,5.75,EC,1619926824
461,abashiri,41.0,44.0213,144.2697,41.0,70,75,10.36,JP,1619926825
462,la ronge,42.8,55.1001,-105.2842,42.8,65,83,3.44,CA,1619926559
463,chkalovsk,36.75,56.7647,43.2433,39.0,93,0,4.83,RU,1619926825
464,alyangula,87.8,-13.8483,136.4192,87.8,62,75,8.05,AU,1619926826
465,rio grande,55.99,-32.035,-52.0986,55.99,91,0,9.57,BR,1619926549
466,antigonish,41.72,45.6169,-61.9986,43.0,73,47,5.99,CA,1619926827
467,twentynine palms,76.41,34.1356,-116.0542,78.8,17,1,12.66,US,1619926828
468,kenai,48.2,60.5544,-151.2583,48.2,31,20,6.91,US,1619926828
469,rincon,62.71,32.296,-81.2354,66.2,72,1,10.36,US,1619926575
470,zhovkva,49.06,50.0583,23.9726,50.0,100,90,4.47,UA,1619926828
471,luanda,78.8,-8.8368,13.2343,78.8,94,75,3.44,AO,1619926831
472,marck,42.3,50.949,1.9433,44.01,92,10,6.93,FR,1619926832
473,waynesboro,52.7,38.0685,-78.8895,55.4,38,1,5.75,US,1619926710
474,barao de melgaco,78.8,-16.1944,-55.9675,78.8,73,0,4.61,BR,1619926832
475,puerto del rosario,64.4,28.5004,-13.8627,64.4,68,40,17.27,ES,1619926833
476,los banos,90.43,14.1667,121.1833,91.4,55,20,9.22,PH,1619926834
477,narragansett,46.24,41.4501,-71.4495,48.2,43,1,4.34,US,1619926835
478,cap-aux-meules,37.4,47.3821,-61.8597,37.4,93,89,6.91,CA,1619926836
479,grand island,71.94,40.925,-98.342,73.4,38,1,17.27,US,1619926836
480,piney green,56.88,34.716,-77.3202,62.01,67,1,3.44,US,1619926837
481,kampot,89.6,10.6167,104.1833,89.6,74,40,10.36,KH,1619926837
482,bell ville,59.0,-32.6259,-62.6887,59.0,99,56,1.99,AR,1619926837
483,pangnirtung,32.0,66.1451,-65.7125,32.0,93,75,9.22,CA,1619926839
484,shibetsu,41.0,43.659,145.132,41.0,70,75,9.22,JP,1619926839
485,halifax,44.2,44.6453,-63.5724,45.0,76,22,5.75,CA,1619926801
486,port pirie,66.2,-33.1833,138.0167,66.2,63,0,10.36,AU,1619926841
487,macapa,75.2,0.0389,-51.0664,75.2,100,90,6.91,BR,1619926842
488,aksarayskiy,57.2,46.7924,48.0119,57.2,82,0,6.71,RU,1619926843
489,bend,47.12,44.0582,-121.3153,50.0,62,1,13.8,US,1619926639
490,la rioja,38.46,42.25,-2.5,41.0,100,0,5.75,ES,1619926843
491,raipur,82.4,21.2333,81.6333,82.4,54,75,11.5,IN,1619926845
492,asuncion,68.0,-25.3007,-57.6359,68.0,73,0,5.61,PY,1619926847
493,lucea,75.96,18.451,-78.1736,77.0,78,40,10.36,JM,1619926847
494,arroyos y esteros,68.0,-25.0667,-57.1,68.0,73,0,4.99,PY,1619926848
495,koungou,78.8,-12.7336,45.2042,78.8,89,0,3.44,YT,1619926850
496,starachowice,50.31,51.0374,21.0713,52.0,83,100,8.77,PL,1619926850
497,seddon,77.86,-37.8068,144.8916,79.0,35,95,16.11,AU,1619926850
498,college,41.4,64.8569,-147.8028,44.01,48,29,3.06,US,1619926851
499,lubaczow,50.11,50.157,23.1234,52.0,98,99,7.14,PL,1619926852
500,russell,61.63,32.3502,-85.1999,66.2,88,1,1.86,US,1619926853
501,serra,71.08,-20.1286,-40.3078,73.99,100,75,3.44,BR,1619926853
502,new ulm,68.63,44.3125,-94.4605,71.01,30,1,3.44,US,1619926854
503,meadow lake,68.5,34.8014,-106.5436,75.2,19,75,10.36,US,1619926854
504,pontian kecil,87.26,1.4801,103.3899,87.8,70,40,9.22,MY,1619926855
505,bodden town,79.05,19.2833,-81.25,80.01,1,83,3.0,KY,1619926856
506,terrace bay,35.6,48.7834,-87.1,35.6,87,20,3.44,CA,1619926858
507,chickasha,64.4,35.0526,-97.9364,64.4,88,75,9.22,US,1619926859
508,paso de los toros,53.6,-32.8167,-56.5167,53.6,94,0,4.61,UY,1619926859
509,culpeper,48.83,38.5004,-77.9664,52.0,66,1,5.21,US,1619926860
510,pecos,66.52,31.4229,-103.4932,66.99,48,1,5.75,US,1619926860
511,palmer,41.5,42.1584,-72.3287,42.8,65,75,3.44,US,1619926861
512,dubovka,54.32,49.0583,44.829,55.0,94,19,4.47,RU,1619926861
513,rosarito,56.79,32.3333,-117.0333,57.2,72,90,6.91,MX,1619926862
514,sistranda,32.0,63.7256,8.834,32.0,93,20,4.61,NO,1619926863
515,lakes entrance,80.01,-37.8811,147.981,80.01,38,84,3.0,AU,1619926864
516,lewistown,53.06,40.5992,-77.5714,57.2,38,75,4.61,US,1619926730
517,yanam,86.0,16.7333,82.2167,86.0,74,20,3.44,IN,1619926642
518,union de san antonio,77.0,21.1,-101.9667,77.0,22,1,12.66,MX,1619926865
519,leczyca,46.0,52.0596,19.1997,46.99,95,100,1.01,PL,1619926865
520,kerrobert,50.0,51.9168,-109.1348,50.0,40,90,10.36,CA,1619926865
521,brumunddal,30.99,60.881,10.9395,30.99,83,86,1.61,NO,1619926866
522,aran,60.89,40.6253,46.9756,62.6,77,75,6.91,AZ,1619926868
523,hikari,57.2,33.955,131.95,57.2,54,75,12.66,JP,1619926870
524,golub-dobrzyn,44.49,53.1109,19.0538,46.0,74,100,1.01,PL,1619926871
525,say,96.8,13.1007,2.3689,96.8,9,6,6.91,NE,1619926871
526,mallaig,41.92,54.2169,-111.3685,42.8,87,100,8.05,CA,1619926872
527,huangpi,80.6,30.8845,114.3779,80.6,47,0,13.42,CN,1619926873
528,treuchtlingen,42.93,48.95,10.9167,43.0,93,90,11.5,DE,1619926873
529,ukiah,56.32,39.1502,-123.2078,62.6,45,1,6.91,US,1619926874
530,broken hill,80.6,-31.95,141.4333,80.6,26,0,5.75,AU,1619926875
531,sheridan,59.0,44.8333,-106.9173,59.0,67,90,5.75,US,1619926875
532,cedar city,64.24,37.6775,-113.0619,64.4,13,1,12.66,US,1619926876
533,nhulunbuy,86.0,-12.2333,136.7667,86.0,62,40,16.11,AU,1619926876
534,agadir,53.6,30.4202,-9.5982,53.6,87,0,3.44,MA,1619926877
535,santarem,73.4,-2.4431,-54.7083,73.4,100,75,3.44,BR,1619926879
536,baghdad,69.8,33.3406,44.4009,69.8,46,0,3.44,IQ,1619926856
537,kenora,57.2,49.8167,-94.4337,57.2,28,75,6.91,CA,1619926880
538,topchikha,44.6,52.8192,83.1185,44.6,49,0,8.95,RU,1619926880
539,opelousas,70.77,30.5335,-92.0815,72.0,83,40,4.61,US,1619926882
540,scottsboro,57.72,34.6723,-86.0341,63.0,76,20,2.1,US,1619926882
541,tiarei,86.0,-17.5333,-149.3333,86.0,58,20,3.44,PF,1619926882
542,porto novo,84.2,6.4965,2.6036,84.2,84,40,12.66,BJ,1619926794
543,trabzon,53.6,40.9167,39.8333,53.6,100,90,5.75,TR,1619926884
544,dauphin,48.2,51.1494,-100.0502,48.2,66,75,14.97,CA,1619926885
545,marica,69.8,-22.9194,-42.8186,69.8,88,75,4.61,BR,1619926885
546,carmelo,63.73,-33.9892,-58.2856,66.0,88,0,3.44,UY,1619926885
547,oga,43.56,46.4631,10.347,50.0,100,75,8.05,IT,1619926886
548,cenade,58.33,46.0587,24.0089,60.8,72,90,1.63,RO,1619926887
549,brigantine,52.12,39.4101,-74.3646,54.0,54,1,6.91,US,1619926887
550,ellwangen,38.68,48.9616,10.1317,39.99,90,100,8.99,DE,1619926888
551,middle island,51.13,40.8843,-72.9373,53.01,62,1,5.75,US,1619926888
552,santiago,56.88,-33.4569,-70.6483,57.99,71,0,2.53,CL,1619926668
553,lithgow,60.01,-33.4833,150.15,60.01,71,100,1.54,AU,1619926890
554,heihe,60.8,50.2441,127.4902,60.8,31,20,4.47,CN,1619926890
555,valparaiso,55.99,-33.0393,-71.6273,55.99,81,100,1.92,CL,1619926890
556,zhezkazgan,55.4,47.8043,67.7144,55.4,24,0,22.37,KZ,1619926891
557,fez,44.6,34.0372,-4.9998,44.6,93,40,4.61,MA,1619926891
558,burnie,59.47,-41.0667,145.9167,60.01,83,98,5.01,AU,1619926893
559,doha,79.63,25.2867,51.5333,82.99,78,70,3.44,QA,1619926895
560,langenburg,40.73,49.2544,9.8458,42.01,87,90,12.66,DE,1619926895
561,fagernes,21.0,60.9858,9.2324,21.0,82,97,2.62,NO,1619926896
562,macomer,52.95,40.262,8.7699,57.2,77,40,4.61,IT,1619926897
563,portland,54.77,45.5234,-122.6762,57.0,62,96,1.01,US,1619926653
564,tarakan,84.2,3.3,117.6333,84.2,79,75,6.91,ID,1619926741
565,susanville,60.8,40.4163,-120.653,60.8,41,1,18.41,US,1619926733
566,marietta,62.74,33.9526,-84.5499,66.2,52,20,1.68,US,1619926853
567,kindersley,50.0,51.4668,-109.1682,50.0,40,90,10.36,CA,1619926899
568,keelung,83.26,25.1283,121.7419,87.8,58,75,3.44,TW,1619926899
569,arroyo,40.1,41.6096,-4.7969,41.0,87,20,8.05,ES,1619926683
570,shchigry,46.4,51.8755,36.9043,46.4,81,0,11.18,RU,1619926744
571,mareeba,79.25,-17.0,145.4333,82.4,61,27,19.57,AU,1619926900
572,fort morgan,68.0,40.2503,-103.8,68.0,30,1,12.66,US,1619926900
573,winkler,54.23,49.1817,-97.941,55.4,41,95,3.44,CA,1619926902
574,san ramon,52.97,37.7799,-121.978,55.0,76,40,12.66,US,1619926902
575,victoria point,72.43,-27.5833,153.3,73.0,71,97,5.01,AU,1619926902
576,qurayyat,62.6,31.3318,37.3428,62.6,39,40,11.5,SA,1619926903
577,shadegan,76.95,30.6497,48.6647,78.8,83,40,9.22,IR,1619926903
578,kyle,67.41,29.9984,-97.8715,68.0,100,90,9.22,US,1619926903
579,lanigan,55.4,51.8501,-105.0344,55.4,30,44,6.91,CA,1619926904
580,lamar,63.88,33.6668,-95.5836,64.99,88,1,10.36,US,1619926904
581,makkaveyevo,50.0,51.7533,113.9454,50.0,50,20,8.43,RU,1619926905
582,tortoli,48.0,39.9256,9.6572,48.0,95,84,6.02,IT,1619926905
583,luzino,55.4,54.9481,73.0353,55.4,24,0,13.42,RU,1619926906
584,mirandola,55.0,44.8868,11.0662,55.99,80,47,3.0,IT,1619926907
585,bicester,35.73,51.9,-1.1536,37.0,93,17,2.3,GB,1619926907
586,vila,39.0,42.0304,-8.1588,39.0,90,0,1.01,PT,1619926908
587,glendive,59.29,47.1053,-104.7125,60.8,27,1,9.22,US,1619926908
588,damavand,69.28,35.7178,52.065,69.8,30,40,6.91,IR,1619926909
589,martin,76.64,27.0837,-80.4164,80.01,83,1,5.75,US,1619926909
590,marsassoum,71.6,12.8275,-15.9806,71.6,88,0,4.61,SN,1619926909
591,spearfish,57.94,44.4908,-103.8594,61.0,62,1,9.22,US,1619926911
